Sites	Indel_prop	Indel_prop(ConvLeaves)	PCOC	PC	OC
1	0.870967741935	0.913043478261	0.0	0.0	0.0
2	0.935483870968	0.913043478261	0.0	0.0	0.0
3	0.967741935484	0.95652173913	0.0	0.0	0.0
4	0.967741935484	0.95652173913	0.0	0.0	0.0
5	0.967741935484	0.95652173913	0.0	0.0	0.0
6	0.967741935484	0.95652173913	0.0	0.0	0.0
7	0.967741935484	0.95652173913	0.0	0.0	0.0
8	0.967741935484	0.95652173913	0.0	0.0	0.0
9	0.983870967742	1.0	0.0	0.0	0.0
10	0.967741935484	0.95652173913	0.0	0.0	0.0
11	0.967741935484	0.95652173913	0.0	0.0	0.0
12	0.967741935484	0.95652173913	0.0	0.0	0.0
13	0.967741935484	0.95652173913	0.0	0.0	0.0
14	0.967741935484	0.95652173913	0.0	0.0	0.0
15	0.967741935484	0.95652173913	0.0	0.0	0.0
16	0.967741935484	0.95652173913	0.0	0.0	0.0
17	0.967741935484	0.95652173913	0.0	0.0	0.0
18	0.967741935484	0.95652173913	0.0	0.0	0.0
19	0.967741935484	0.95652173913	0.0	0.0	0.0
20	0.967741935484	0.95652173913	0.0	0.0	0.0
21	0.967741935484	0.95652173913	0.0	0.0	0.0
22	0.967741935484	0.95652173913	0.0	0.0	0.0
23	0.967741935484	0.95652173913	0.0	0.0	0.0
24	0.967741935484	0.95652173913	0.0	0.0	0.0
25	0.967741935484	0.95652173913	0.0	0.0	0.0
26	0.967741935484	0.95652173913	0.0	0.0	0.0
27	0.967741935484	0.95652173913	0.0	0.0	0.0
28	0.967741935484	0.95652173913	0.0	0.0	0.0
29	0.967741935484	0.95652173913	0.0	0.0	0.0
30	0.967741935484	0.95652173913	0.0	0.0	0.0
31	0.967741935484	0.95652173913	0.0	0.0	0.0
32	0.983870967742	1.0	0.0	0.0	0.0
33	0.983870967742	1.0	0.0	0.0	0.0
34	0.967741935484	0.95652173913	0.0	0.0	0.0
35	0.967741935484	0.95652173913	0.0	0.0	0.0
36	0.967741935484	0.95652173913	0.0	0.0	0.0
37	0.967741935484	0.95652173913	0.0	0.0	0.0
38	0.967741935484	0.95652173913	0.0	0.0	0.0
39	0.967741935484	0.95652173913	0.0	0.0	0.0
40	0.967741935484	0.95652173913	0.0	0.0	0.0
41	0.967741935484	0.95652173913	0.0	0.0	0.0
42	0.967741935484	0.95652173913	0.0	0.0	0.0
43	0.967741935484	0.95652173913	0.0	0.0	0.0
44	0.967741935484	0.95652173913	0.0	0.0	0.0
45	0.967741935484	0.95652173913	0.0	0.0	0.0
46	0.967741935484	0.95652173913	0.0	0.0	0.0
47	0.967741935484	0.95652173913	0.0	0.0	0.0
48	0.967741935484	0.95652173913	0.0	0.0	0.0
49	0.967741935484	0.95652173913	0.0	0.0	0.0
50	0.967741935484	0.95652173913	0.0	0.0	0.0
51	0.967741935484	0.95652173913	0.0	0.0	0.0
52	0.967741935484	0.95652173913	0.0	0.0	0.0
53	0.967741935484	0.95652173913	0.0	0.0	0.0
54	0.967741935484	0.95652173913	0.0	0.0	0.0
55	0.967741935484	0.95652173913	0.0	0.0	0.0
56	0.967741935484	0.95652173913	0.0	0.0	0.0
57	0.967741935484	0.95652173913	0.0	0.0	0.0
58	0.967741935484	0.95652173913	0.0	0.0	0.0
59	0.967741935484	0.95652173913	0.0	0.0	0.0
60	0.967741935484	0.95652173913	0.0	0.0	0.0
61	0.967741935484	0.95652173913	0.0	0.0	0.0
62	0.967741935484	0.95652173913	0.0	0.0	0.0
63	0.967741935484	0.95652173913	0.0	0.0	0.0
64	0.967741935484	0.95652173913	0.0	0.0	0.0
65	0.967741935484	0.95652173913	0.0	0.0	0.0
66	0.967741935484	0.95652173913	0.0	0.0	0.0
67	0.967741935484	0.95652173913	0.0	0.0	0.0
68	0.967741935484	0.95652173913	0.0	0.0	0.0
69	0.967741935484	0.95652173913	0.0	0.0	0.0
70	0.967741935484	0.95652173913	0.0	0.0	0.0
71	0.967741935484	0.95652173913	0.0	0.0	0.0
72	0.967741935484	0.95652173913	0.0	0.0	0.0
73	0.967741935484	0.95652173913	0.0	0.0	0.0
74	0.967741935484	0.95652173913	0.0	0.0	0.0
75	0.967741935484	0.95652173913	0.0	0.0	0.0
76	0.967741935484	0.95652173913	0.0	0.0	0.0
77	0.967741935484	0.95652173913	0.0	0.0	0.0
78	0.967741935484	0.95652173913	0.0	0.0	0.0
79	0.967741935484	0.95652173913	0.0	0.0	0.0
80	0.967741935484	0.95652173913	0.0	0.0	0.0
81	0.967741935484	0.95652173913	0.0	0.0	0.0
82	0.967741935484	0.95652173913	0.0	0.0	0.0
83	0.967741935484	0.95652173913	0.0	0.0	0.0
84	0.951612903226	0.95652173913	0.0	0.0	0.0
85	0.951612903226	0.95652173913	0.0	0.0	0.0
86	0.951612903226	0.95652173913	0.0	0.0	0.0
87	0.951612903226	0.95652173913	0.0	0.0	0.0
88	0.967741935484	0.95652173913	0.0	0.0	0.0
89	0.967741935484	0.95652173913	0.0	0.0	0.0
90	0.967741935484	0.95652173913	0.0	0.0	0.0
91	0.967741935484	0.95652173913	0.0	0.0	0.0
92	0.967741935484	0.95652173913	0.0	0.0	0.0
93	0.967741935484	0.95652173913	0.0	0.0	0.0
94	0.967741935484	0.95652173913	0.0	0.0	0.0
95	0.967741935484	0.95652173913	0.0	0.0	0.0
96	0.967741935484	0.95652173913	0.0	0.0	0.0
97	0.951612903226	0.95652173913	0.0	0.0	0.0
98	0.951612903226	0.95652173913	0.0	0.0	0.0
99	0.951612903226	0.95652173913	0.0	0.0	0.0
100	0.951612903226	0.95652173913	0.0	0.0	0.0
101	0.967741935484	1.0	0.0	0.0	0.0
102	0.967741935484	1.0	0.0	0.0	0.0
103	0.983870967742	1.0	0.0	0.0	0.0
104	0.983870967742	1.0	0.0	0.0	0.0
105	0.983870967742	1.0	0.0	0.0	0.0
106	0.983870967742	1.0	0.0	0.0	0.0
107	0.983870967742	1.0	0.0	0.0	0.0
108	0.983870967742	1.0	0.0	0.0	0.0
109	0.983870967742	1.0	0.0	0.0	0.0
110	0.967741935484	0.95652173913	0.0	0.0	0.0
111	0.967741935484	0.95652173913	0.0	0.0	0.0
112	0.967741935484	0.95652173913	0.0	0.0	0.0
113	0.951612903226	0.95652173913	0.0	0.0	0.0
114	0.951612903226	0.95652173913	0.0	0.0	0.0
115	0.951612903226	0.95652173913	0.0	0.0	0.0
116	0.951612903226	0.95652173913	0.0	0.0	0.0
117	0.951612903226	0.95652173913	0.0	0.0	0.0
118	0.951612903226	0.95652173913	0.0	0.0	0.0
119	0.951612903226	0.95652173913	0.0	0.0	0.0
120	0.967741935484	0.95652173913	0.0	0.0	0.0
121	0.967741935484	0.95652173913	0.0	0.0	0.0
122	0.967741935484	0.95652173913	0.0	0.0	0.0
123	0.967741935484	0.95652173913	0.0	0.0	0.0
124	0.967741935484	0.95652173913	0.0	0.0	0.0
125	0.983870967742	0.95652173913	0.0	0.0	0.0
126	0.983870967742	0.95652173913	0.0	0.0	0.0
127	0.983870967742	0.95652173913	0.0	0.0	0.0
128	0.983870967742	0.95652173913	0.0	0.0	0.0
129	0.967741935484	0.95652173913	0.0	0.0	0.0
130	0.967741935484	0.95652173913	0.0	0.0	0.0
131	0.967741935484	0.95652173913	0.0	0.0	0.0
132	0.967741935484	0.95652173913	0.0	0.0	0.0
133	0.967741935484	0.95652173913	0.0	0.0	0.0
134	0.967741935484	0.95652173913	0.0	0.0	0.0
135	0.967741935484	0.95652173913	0.0	0.0	0.0
136	0.967741935484	0.95652173913	0.0	0.0	0.0
137	0.967741935484	0.95652173913	0.0	0.0	0.0
138	0.967741935484	0.95652173913	0.0	0.0	0.0
139	0.967741935484	0.95652173913	0.0	0.0	0.0
140	0.967741935484	0.95652173913	0.0	0.0	0.0
141	0.967741935484	0.95652173913	0.0	0.0	0.0
142	0.967741935484	0.95652173913	0.0	0.0	0.0
143	0.967741935484	0.95652173913	0.0	0.0	0.0
144	0.967741935484	0.95652173913	0.0	0.0	0.0
145	0.967741935484	0.95652173913	0.0	0.0	0.0
146	0.967741935484	0.95652173913	0.0	0.0	0.0
147	0.967741935484	0.95652173913	0.0	0.0	0.0
148	0.967741935484	0.95652173913	0.0	0.0	0.0
149	0.967741935484	0.95652173913	0.0	0.0	0.0
150	0.967741935484	0.95652173913	0.0	0.0	0.0
151	0.967741935484	0.95652173913	0.0	0.0	0.0
152	0.967741935484	0.95652173913	0.0	0.0	0.0
153	0.983870967742	1.0	0.0	0.0	0.0
154	0.983870967742	1.0	0.0	0.0	0.0
155	0.983870967742	1.0	0.0	0.0	0.0
156	0.983870967742	1.0	0.0	0.0	0.0
157	0.983870967742	1.0	0.0	0.0	0.0
158	0.983870967742	1.0	0.0	0.0	0.0
159	0.983870967742	1.0	0.0	0.0	0.0
160	0.983870967742	1.0	0.0	0.0	0.0
161	0.983870967742	1.0	0.0	0.0	0.0
162	0.983870967742	1.0	0.0	0.0	0.0
163	0.983870967742	1.0	0.0	0.0	0.0
164	0.983870967742	1.0	0.0	0.0	0.0
165	0.967741935484	0.95652173913	0.0	0.0	0.0
166	0.967741935484	0.95652173913	0.0	0.0	0.0
167	0.967741935484	0.95652173913	0.0	0.0	0.0
168	0.967741935484	0.95652173913	0.0	0.0	0.0
169	0.967741935484	0.95652173913	0.0	0.0	0.0
170	0.967741935484	0.95652173913	0.0	0.0	0.0
171	0.967741935484	0.95652173913	0.0	0.0	0.0
172	0.983870967742	1.0	0.0	0.0	0.0
173	0.967741935484	0.95652173913	0.0	0.0	0.0
174	0.967741935484	0.95652173913	0.0	0.0	0.0
175	0.967741935484	0.95652173913	0.0	0.0	0.0
176	0.967741935484	0.95652173913	0.0	0.0	0.0
177	0.967741935484	0.95652173913	0.0	0.0	0.0
178	0.951612903226	0.95652173913	0.0	0.0	0.0
179	0.951612903226	0.95652173913	0.0	0.0	0.0
180	0.951612903226	0.95652173913	0.0	0.0	0.0
181	0.951612903226	0.95652173913	0.0	0.0	0.0
182	0.951612903226	0.95652173913	0.0	0.0	0.0
183	0.967741935484	0.95652173913	0.0	0.0	0.0
184	0.967741935484	0.95652173913	0.0	0.0	0.0
185	0.967741935484	0.95652173913	0.0	0.0	0.0
186	0.967741935484	0.95652173913	0.0	0.0	0.0
187	0.967741935484	0.95652173913	0.0	0.0	0.0
188	0.967741935484	0.95652173913	0.0	0.0	0.0
189	0.967741935484	0.95652173913	0.0	0.0	0.0
190	0.967741935484	0.95652173913	0.0	0.0	0.0
191	0.967741935484	0.95652173913	0.0	0.0	0.0
192	0.967741935484	0.95652173913	0.0	0.0	0.0
193	0.983870967742	1.0	0.0	0.0	0.0
194	0.983870967742	1.0	0.0	0.0	0.0
195	0.967741935484	0.95652173913	0.0	0.0	0.0
196	0.967741935484	0.95652173913	0.0	0.0	0.0
197	0.967741935484	0.95652173913	0.0	0.0	0.0
198	0.967741935484	0.95652173913	0.0	0.0	0.0
199	0.967741935484	0.95652173913	0.0	0.0	0.0
200	0.967741935484	0.95652173913	0.0	0.0	0.0
201	0.967741935484	0.95652173913	0.0	0.0	0.0
202	0.967741935484	0.95652173913	0.0	0.0	0.0
203	0.967741935484	0.95652173913	0.0	0.0	0.0
204	0.967741935484	0.95652173913	0.0	0.0	0.0
205	0.967741935484	0.95652173913	0.0	0.0	0.0
206	0.967741935484	0.95652173913	0.0	0.0	0.0
207	0.967741935484	0.95652173913	0.0	0.0	0.0
208	0.967741935484	0.95652173913	0.0	0.0	0.0
209	0.967741935484	0.95652173913	0.0	0.0	0.0
210	0.983870967742	1.0	0.0	0.0	0.0
211	0.967741935484	0.95652173913	0.0	0.0	0.0
212	0.967741935484	0.95652173913	0.0	0.0	0.0
213	0.967741935484	0.95652173913	0.0	0.0	0.0
214	0.967741935484	0.95652173913	0.0	0.0	0.0
215	0.967741935484	0.95652173913	0.0	0.0	0.0
216	0.967741935484	0.95652173913	0.0	0.0	0.0
217	0.967741935484	0.95652173913	0.0	0.0	0.0
218	0.967741935484	0.95652173913	0.0	0.0	0.0
219	0.967741935484	0.95652173913	0.0	0.0	0.0
220	0.967741935484	0.95652173913	0.0	0.0	0.0
221	0.967741935484	0.95652173913	0.0	0.0	0.0
222	0.967741935484	0.95652173913	0.0	0.0	0.0
223	0.967741935484	0.95652173913	0.0	0.0	0.0
224	0.967741935484	0.95652173913	0.0	0.0	0.0
225	0.967741935484	0.95652173913	0.0	0.0	0.0
226	0.967741935484	0.95652173913	0.0	0.0	0.0
227	0.967741935484	0.95652173913	0.0	0.0	0.0
228	0.967741935484	0.95652173913	0.0	0.0	0.0
229	0.967741935484	0.95652173913	0.0	0.0	0.0
230	0.967741935484	0.95652173913	0.0	0.0	0.0
231	0.967741935484	0.95652173913	0.0	0.0	0.0
232	0.967741935484	0.95652173913	0.0	0.0	0.0
233	0.967741935484	0.95652173913	0.0	0.0	0.0
234	0.967741935484	0.95652173913	0.0	0.0	0.0
235	0.967741935484	0.95652173913	0.0	0.0	0.0
236	0.967741935484	0.95652173913	0.0	0.0	0.0
237	0.967741935484	0.95652173913	0.0	0.0	0.0
238	0.967741935484	0.95652173913	0.0	0.0	0.0
239	0.967741935484	0.95652173913	0.0	0.0	0.0
240	0.967741935484	0.95652173913	0.0	0.0	0.0
241	0.967741935484	0.95652173913	0.0	0.0	0.0
242	0.967741935484	0.95652173913	0.0	0.0	0.0
243	0.967741935484	0.95652173913	0.0	0.0	0.0
244	0.967741935484	0.95652173913	0.0	0.0	0.0
245	0.983870967742	0.95652173913	0.0	0.0	0.0
246	0.983870967742	0.95652173913	0.0	0.0	0.0
247	0.983870967742	0.95652173913	0.0	0.0	0.0
248	0.983870967742	0.95652173913	0.0	0.0	0.0
249	0.983870967742	0.95652173913	0.0	0.0	0.0
250	0.983870967742	0.95652173913	0.0	0.0	0.0
251	0.983870967742	0.95652173913	0.0	0.0	0.0
252	0.983870967742	0.95652173913	0.0	0.0	0.0
253	0.983870967742	0.95652173913	0.0	0.0	0.0
254	0.983870967742	0.95652173913	0.0	0.0	0.0
255	0.983870967742	0.95652173913	0.0	0.0	0.0
256	0.983870967742	0.95652173913	0.0	0.0	0.0
257	0.983870967742	0.95652173913	0.0	0.0	0.0
258	0.983870967742	0.95652173913	0.0	0.0	0.0
259	0.983870967742	0.95652173913	0.0	0.0	0.0
260	0.983870967742	0.95652173913	0.0	0.0	0.0
261	0.983870967742	0.95652173913	0.0	0.0	0.0
262	0.983870967742	0.95652173913	0.0	0.0	0.0
263	0.983870967742	0.95652173913	0.0	0.0	0.0
264	0.983870967742	0.95652173913	0.0	0.0	0.0
265	0.983870967742	0.95652173913	0.0	0.0	0.0
266	0.983870967742	0.95652173913	0.0	0.0	0.0
267	0.983870967742	0.95652173913	0.0	0.0	0.0
268	0.983870967742	0.95652173913	0.0	0.0	0.0
269	0.983870967742	0.95652173913	0.0	0.0	0.0
270	0.983870967742	0.95652173913	0.0	0.0	0.0
271	0.983870967742	0.95652173913	0.0	0.0	0.0
272	0.983870967742	0.95652173913	0.0	0.0	0.0
273	0.983870967742	0.95652173913	0.0	0.0	0.0
274	0.983870967742	0.95652173913	0.0	0.0	0.0
275	0.983870967742	0.95652173913	0.0	0.0	0.0
276	0.983870967742	0.95652173913	0.0	0.0	0.0
277	0.983870967742	0.95652173913	0.0	0.0	0.0
278	0.983870967742	0.95652173913	0.0	0.0	0.0
279	0.983870967742	0.95652173913	0.0	0.0	0.0
280	0.983870967742	0.95652173913	0.0	0.0	0.0
281	0.983870967742	0.95652173913	0.0	0.0	0.0
282	0.983870967742	0.95652173913	0.0	0.0	0.0
283	0.983870967742	0.95652173913	0.0	0.0	0.0
284	0.983870967742	0.95652173913	0.0	0.0	0.0
285	0.983870967742	0.95652173913	0.0	0.0	0.0
286	0.983870967742	0.95652173913	0.0	0.0	0.0
287	0.983870967742	0.95652173913	0.0	0.0	0.0
288	0.983870967742	0.95652173913	0.0	0.0	0.0
289	0.983870967742	0.95652173913	0.0	0.0	0.0
290	0.983870967742	0.95652173913	0.0	0.0	0.0
291	0.983870967742	0.95652173913	0.0	0.0	0.0
292	0.983870967742	0.95652173913	0.0	0.0	0.0
293	0.983870967742	0.95652173913	0.0	0.0	0.0
294	0.983870967742	0.95652173913	0.0	0.0	0.0
295	0.983870967742	0.95652173913	0.0	0.0	0.0
296	0.983870967742	0.95652173913	0.0	0.0	0.0
297	0.983870967742	0.95652173913	0.0	0.0	0.0
298	0.983870967742	0.95652173913	0.0	0.0	0.0
299	0.983870967742	0.95652173913	0.0	0.0	0.0
300	0.983870967742	0.95652173913	0.0	0.0	0.0
301	0.983870967742	0.95652173913	0.0	0.0	0.0
302	0.983870967742	0.95652173913	0.0	0.0	0.0
303	0.983870967742	0.95652173913	0.0	0.0	0.0
304	0.983870967742	0.95652173913	0.0	0.0	0.0
305	0.983870967742	0.95652173913	0.0	0.0	0.0
306	0.983870967742	0.95652173913	0.0	0.0	0.0
307	0.983870967742	0.95652173913	0.0	0.0	0.0
308	0.983870967742	0.95652173913	0.0	0.0	0.0
309	0.983870967742	0.95652173913	0.0	0.0	0.0
310	0.983870967742	0.95652173913	0.0	0.0	0.0
311	0.983870967742	0.95652173913	0.0	0.0	0.0
312	0.983870967742	0.95652173913	0.0	0.0	0.0
313	0.983870967742	0.95652173913	0.0	0.0	0.0
314	0.983870967742	0.95652173913	0.0	0.0	0.0
315	0.983870967742	0.95652173913	0.0	0.0	0.0
316	0.983870967742	0.95652173913	0.0	0.0	0.0
317	0.983870967742	0.95652173913	0.0	0.0	0.0
318	0.983870967742	0.95652173913	0.0	0.0	0.0
319	0.983870967742	0.95652173913	0.0	0.0	0.0
320	0.983870967742	0.95652173913	0.0	0.0	0.0
321	0.983870967742	0.95652173913	0.0	0.0	0.0
322	0.983870967742	0.95652173913	0.0	0.0	0.0
323	0.983870967742	0.95652173913	0.0	0.0	0.0
324	0.983870967742	0.95652173913	0.0	0.0	0.0
325	0.983870967742	0.95652173913	0.0	0.0	0.0
326	0.983870967742	0.95652173913	0.0	0.0	0.0
327	0.983870967742	0.95652173913	0.0	0.0	0.0
328	0.983870967742	0.95652173913	0.0	0.0	0.0
329	0.983870967742	0.95652173913	0.0	0.0	0.0
330	0.983870967742	0.95652173913	0.0	0.0	0.0
331	0.983870967742	0.95652173913	0.0	0.0	0.0
332	0.983870967742	0.95652173913	0.0	0.0	0.0
333	0.983870967742	0.95652173913	0.0	0.0	0.0
334	0.983870967742	0.95652173913	0.0	0.0	0.0
335	0.983870967742	0.95652173913	0.0	0.0	0.0
336	0.983870967742	0.95652173913	0.0	0.0	0.0
337	0.983870967742	0.95652173913	0.0	0.0	0.0
338	0.983870967742	0.95652173913	0.0	0.0	0.0
339	0.983870967742	0.95652173913	0.0	0.0	0.0
340	0.983870967742	0.95652173913	0.0	0.0	0.0
341	0.983870967742	0.95652173913	0.0	0.0	0.0
342	0.983870967742	0.95652173913	0.0	0.0	0.0
343	0.983870967742	0.95652173913	0.0	0.0	0.0
344	0.983870967742	0.95652173913	0.0	0.0	0.0
345	0.983870967742	0.95652173913	0.0	0.0	0.0
346	0.983870967742	0.95652173913	0.0	0.0	0.0
347	0.983870967742	0.95652173913	0.0	0.0	0.0
348	0.983870967742	0.95652173913	0.0	0.0	0.0
349	0.983870967742	0.95652173913	0.0	0.0	0.0
350	0.983870967742	0.95652173913	0.0	0.0	0.0
351	0.983870967742	0.95652173913	0.0	0.0	0.0
352	0.983870967742	0.95652173913	0.0	0.0	0.0
353	0.983870967742	0.95652173913	0.0	0.0	0.0
354	0.983870967742	0.95652173913	0.0	0.0	0.0
355	0.983870967742	0.95652173913	0.0	0.0	0.0
356	0.983870967742	0.95652173913	0.0	0.0	0.0
357	0.983870967742	0.95652173913	0.0	0.0	0.0
358	0.983870967742	0.95652173913	0.0	0.0	0.0
359	0.983870967742	0.95652173913	0.0	0.0	0.0
360	0.983870967742	0.95652173913	0.0	0.0	0.0
361	0.983870967742	0.95652173913	0.0	0.0	0.0
362	0.983870967742	0.95652173913	0.0	0.0	0.0
363	0.983870967742	0.95652173913	0.0	0.0	0.0
364	0.983870967742	0.95652173913	0.0	0.0	0.0
365	0.983870967742	0.95652173913	0.0	0.0	0.0
366	0.983870967742	0.95652173913	0.0	0.0	0.0
367	0.983870967742	0.95652173913	0.0	0.0	0.0
368	0.983870967742	0.95652173913	0.0	0.0	0.0
369	0.983870967742	0.95652173913	0.0	0.0	0.0
370	0.983870967742	0.95652173913	0.0	0.0	0.0
371	0.983870967742	0.95652173913	0.0	0.0	0.0
372	0.983870967742	0.95652173913	0.0	0.0	0.0
373	0.983870967742	0.95652173913	0.0	0.0	0.0
374	0.983870967742	0.95652173913	0.0	0.0	0.0
375	0.983870967742	0.95652173913	0.0	0.0	0.0
376	0.983870967742	0.95652173913	0.0	0.0	0.0
377	0.983870967742	0.95652173913	0.0	0.0	0.0
378	0.983870967742	0.95652173913	0.0	0.0	0.0
379	0.983870967742	0.95652173913	0.0	0.0	0.0
380	0.983870967742	0.95652173913	0.0	0.0	0.0
381	0.983870967742	0.95652173913	0.0	0.0	0.0
382	0.983870967742	0.95652173913	0.0	0.0	0.0
383	0.983870967742	0.95652173913	0.0	0.0	0.0
384	0.983870967742	0.95652173913	0.0	0.0	0.0
385	0.983870967742	0.95652173913	0.0	0.0	0.0
386	0.983870967742	0.95652173913	0.0	0.0	0.0
387	0.983870967742	0.95652173913	0.0	0.0	0.0
388	0.983870967742	0.95652173913	0.0	0.0	0.0
389	0.951612903226	0.913043478261	0.0	0.0	0.0
390	0.935483870968	0.913043478261	0.0	0.0	0.0
391	0.935483870968	0.913043478261	0.0	0.0	0.0
392	0.935483870968	0.913043478261	0.0	0.0	0.0
393	0.935483870968	0.913043478261	0.0	0.0	0.0
394	0.951612903226	0.913043478261	0.0	0.0	0.0
395	0.951612903226	0.95652173913	0.0	0.0	0.0
396	0.983870967742	0.95652173913	0.0	0.0	0.0
397	0.983870967742	0.95652173913	0.0	0.0	0.0
398	0.983870967742	0.95652173913	0.0	0.0	0.0
399	0.983870967742	0.95652173913	0.0	0.0	0.0
400	0.983870967742	0.95652173913	0.0	0.0	0.0
401	0.967741935484	0.95652173913	0.0	0.0	0.0
402	0.967741935484	0.95652173913	0.0	0.0	0.0
403	0.967741935484	0.95652173913	0.0	0.0	0.0
404	0.967741935484	0.95652173913	0.0	0.0	0.0
405	0.983870967742	0.95652173913	0.0	0.0	0.0
406	0.983870967742	0.95652173913	0.0	0.0	0.0
407	0.983870967742	0.95652173913	0.0	0.0	0.0
408	0.983870967742	0.95652173913	0.0	0.0	0.0
409	0.983870967742	0.95652173913	0.0	0.0	0.0
410	0.983870967742	0.95652173913	0.0	0.0	0.0
411	0.983870967742	0.95652173913	0.0	0.0	0.0
412	0.983870967742	0.95652173913	0.0	0.0	0.0
413	0.983870967742	0.95652173913	0.0	0.0	0.0
414	0.983870967742	0.95652173913	0.0	0.0	0.0
415	0.983870967742	0.95652173913	0.0	0.0	0.0
416	0.983870967742	0.95652173913	0.0	0.0	0.0
417	0.983870967742	0.95652173913	0.0	0.0	0.0
418	0.983870967742	0.95652173913	0.0	0.0	0.0
419	0.983870967742	0.95652173913	0.0	0.0	0.0
420	0.983870967742	0.95652173913	0.0	0.0	0.0
421	0.983870967742	0.95652173913	0.0	0.0	0.0
422	0.983870967742	0.95652173913	0.0	0.0	0.0
423	0.983870967742	0.95652173913	0.0	0.0	0.0
424	0.983870967742	0.95652173913	0.0	0.0	0.0
425	0.983870967742	0.95652173913	0.0	0.0	0.0
426	0.983870967742	0.95652173913	0.0	0.0	0.0
427	0.951612903226	0.913043478261	0.0	0.0	0.0
428	0.951612903226	0.913043478261	0.0	0.0	0.0
429	0.935483870968	0.913043478261	0.0	0.0	0.0
430	0.935483870968	0.913043478261	0.0	0.0	0.0
431	0.935483870968	0.913043478261	0.0	0.0	0.0
432	0.935483870968	0.913043478261	0.0	0.0	0.0
433	0.935483870968	0.913043478261	0.0	0.0	0.0
434	0.935483870968	0.913043478261	0.0	0.0	0.0
435	0.951612903226	0.913043478261	0.0	0.0	0.0
436	0.983870967742	0.95652173913	0.0	0.0	0.0
437	0.983870967742	0.95652173913	0.0	0.0	0.0
438	0.983870967742	0.95652173913	0.0	0.0	0.0
439	0.983870967742	0.95652173913	0.0	0.0	0.0
440	0.983870967742	0.95652173913	0.0	0.0	0.0
441	0.983870967742	0.95652173913	0.0	0.0	0.0
442	0.983870967742	0.95652173913	0.0	0.0	0.0
443	0.983870967742	0.95652173913	0.0	0.0	0.0
444	0.983870967742	0.95652173913	0.0	0.0	0.0
445	0.983870967742	0.95652173913	0.0	0.0	0.0
446	0.983870967742	0.95652173913	0.0	0.0	0.0
447	0.983870967742	0.95652173913	0.0	0.0	0.0
448	0.983870967742	0.95652173913	0.0	0.0	0.0
449	0.983870967742	0.95652173913	0.0	0.0	0.0
450	0.983870967742	0.95652173913	0.0	0.0	0.0
451	0.983870967742	0.95652173913	0.0	0.0	0.0
452	0.983870967742	0.95652173913	0.0	0.0	0.0
453	0.983870967742	0.95652173913	0.0	0.0	0.0
454	0.983870967742	0.95652173913	0.0	0.0	0.0
455	0.983870967742	0.95652173913	0.0	0.0	0.0
456	0.983870967742	0.95652173913	0.0	0.0	0.0
457	0.983870967742	0.95652173913	0.0	0.0	0.0
458	0.983870967742	0.95652173913	0.0	0.0	0.0
459	0.983870967742	0.95652173913	0.0	0.0	0.0
460	0.983870967742	0.95652173913	0.0	0.0	0.0
461	0.983870967742	0.95652173913	0.0	0.0	0.0
462	0.983870967742	0.95652173913	0.0	0.0	0.0
463	0.983870967742	0.95652173913	0.0	0.0	0.0
464	0.983870967742	0.95652173913	0.0	0.0	0.0
465	0.983870967742	0.95652173913	0.0	0.0	0.0
466	0.983870967742	0.95652173913	0.0	0.0	0.0
467	0.983870967742	0.95652173913	0.0	0.0	0.0
468	0.983870967742	0.95652173913	0.0	0.0	0.0
469	0.983870967742	0.95652173913	0.0	0.0	0.0
470	0.983870967742	0.95652173913	0.0	0.0	0.0
471	0.983870967742	0.95652173913	0.0	0.0	0.0
472	0.983870967742	0.95652173913	0.0	0.0	0.0
473	0.983870967742	0.95652173913	0.0	0.0	0.0
474	0.983870967742	0.95652173913	0.0	0.0	0.0
475	0.983870967742	0.95652173913	0.0	0.0	0.0
476	0.983870967742	0.95652173913	0.0	0.0	0.0
477	0.983870967742	0.95652173913	0.0	0.0	0.0
478	0.983870967742	0.95652173913	0.0	0.0	0.0
479	0.935483870968	0.95652173913	0.0	0.0	0.0
480	0.903225806452	0.913043478261	0.0	0.0	0.0
481	0.903225806452	0.913043478261	0.0	0.0	0.0
482	0.903225806452	0.913043478261	0.0	0.0	0.0
483	0.903225806452	0.913043478261	0.0	0.0	0.0
484	0.354838709677	0.347826086957	0.0	0.0	0.0
485	0.435483870968	0.478260869565	0.0	0.0	0.0
486	0.967741935484	1.0	0.0	0.0	0.0
487	0.967741935484	1.0	0.0	0.0	0.0
488	0.983870967742	1.0	0.0	0.0	0.0
489	0.983870967742	1.0	0.0	0.0	0.0
490	0.983870967742	1.0	0.0	0.0	0.0
491	0.983870967742	1.0	0.0	0.0	0.0
492	0.983870967742	1.0	0.0	0.0	0.0
493	0.983870967742	1.0	0.0	0.0	0.0
494	0.983870967742	1.0	0.0	0.0	0.0
495	0.983870967742	1.0	0.0	0.0	0.0
496	0.983870967742	1.0	0.0	0.0	0.0
497	0.983870967742	1.0	0.0	0.0	0.0
498	0.983870967742	1.0	0.0	0.0	0.0
499	0.983870967742	1.0	0.0	0.0	0.0
500	0.983870967742	1.0	0.0	0.0	0.0
501	0.983870967742	1.0	0.0	0.0	0.0
502	0.983870967742	1.0	0.0	0.0	0.0
503	0.983870967742	1.0	0.0	0.0	0.0
504	0.983870967742	1.0	0.0	0.0	0.0
505	0.983870967742	1.0	0.0	0.0	0.0
506	0.983870967742	1.0	0.0	0.0	0.0
507	0.983870967742	1.0	0.0	0.0	0.0
508	0.983870967742	1.0	0.0	0.0	0.0
509	0.983870967742	1.0	0.0	0.0	0.0
510	0.983870967742	1.0	0.0	0.0	0.0
511	0.983870967742	1.0	0.0	0.0	0.0
512	0.967741935484	1.0	0.0	0.0	0.0
513	0.967741935484	1.0	0.0	0.0	0.0
514	0.967741935484	1.0	0.0	0.0	0.0
515	0.967741935484	1.0	0.0	0.0	0.0
516	0.967741935484	1.0	0.0	0.0	0.0
517	0.967741935484	1.0	0.0	0.0	0.0
518	0.967741935484	1.0	0.0	0.0	0.0
519	0.967741935484	1.0	0.0	0.0	0.0
520	0.967741935484	1.0	0.0	0.0	0.0
521	0.935483870968	1.0	0.0	0.0	0.0
522	0.935483870968	1.0	0.0	0.0	0.0
523	0.935483870968	1.0	0.0	0.0	0.0
524	0.467741935484	0.521739130435	0.0	0.0	0.0
525	0.435483870968	0.521739130435	0.0	0.0	0.0
526	0.983870967742	0.95652173913	0.0	0.0	0.0
527	0.177419354839	0.0434782608696	0.0	0.0	0.0
528	0.161290322581	0.0434782608696	0.0	0.0	0.0
529	0.161290322581	0.0434782608696	0.0	0.0	0.0
530	0.0967741935484	0.0	0.0	0.0	0.0
531	0.0	0.0	4.0672766342e-08	0.112723327091	1.96191881242e-05
532	0.0	0.0	2.18148739609e-05	0.117068300766	0.00685547033112
533	0.0	0.0	1.39478159239e-06	0.211505965659	0.00163731875372
534	0.0	0.0	8.74962247115e-14	0.0251055169206	1.07147838985e-11
535	0.0	0.0	3.92723153097e-10	0.0312007564206	6.05009568778e-07
536	0.0	0.0	2.36971246538e-08	0.847252052195	9.38220412094e-09
537	0.0	0.0	5.50124029897e-05	0.421966686741	0.0017280338757
538	0.0	0.0	9.32436672907e-08	0.271515259889	1.52034675198e-06
539	0.0	0.0	1.78033772328e-08	0.0461811563762	2.11595816833e-06
540	0.0	0.0	2.09272047358e-13	0.00199055463529	1.1397342124e-07
541	0.0	0.0	3.9001774043e-08	0.135874196161	9.448330435e-06
542	0.0	0.0	1.18873886745e-14	0.0784400046789	1.11944716896e-13
543	0.0	0.0	6.77870943588e-11	0.0890041816956	9.47957640573e-10
544	0.0	0.0	3.29292354667e-10	0.00133618146214	6.32386106337e-05
545	0.0	0.0	2.567601573e-15	0.00474313897425	9.18049062755e-08
546	0.0	0.0	1.41879168923e-17	0.00111404271353	1.69100125559e-12
547	0.0	0.0	6.84327003342e-12	0.0323938809196	2.55010815005e-09
548	0.0	0.0	0.000190375729524	0.821699880877	0.000106451964402
549	0.0	0.0	9.06189792325e-17	0.000254953344818	3.27365560756e-06
550	0.0	0.0	1.80083969044e-08	0.856269929867	2.99002898871e-08
551	0.0	0.0	4.06969948798e-06	0.00617693002995	0.00188464561298
552	0.0	0.0	5.31497505501e-05	0.14323841096	0.000115556746499
553	0.0	0.0	2.16253590145e-13	0.214318287694	3.54773949271e-12
554	0.0	0.0	9.47586615283e-07	0.0197786605468	0.00310991094376
555	0.0	0.0	1.18873886745e-14	0.0784400046789	1.11944716896e-13
556	0.0	0.0	2.09949190123e-07	0.0171027785161	4.60845361533e-05
557	0.0322580645161	0.0434782608696	4.87584730266e-14	0.183694989799	5.67774769749e-13
558	0.0	0.0	1.83283714188e-07	0.296892829326	2.98734359456e-07
559	0.0	0.0	4.03599563256e-18	0.300140895533	7.4235207153e-18
560	0.0	0.0	0.00150755089082	0.929670981592	1.7147486896e-08
561	0.0	0.0	2.73732383616e-11	0.094810047748	1.11229286762e-07
562	0.0	0.0	1.18873886745e-14	0.0784400046789	1.11944716896e-13
563	0.0	0.0	5.87118181108e-09	0.137935562094	5.06691235937e-07
564	0.0	0.0	2.74582605008e-12	0.355942381408	1.01838212846e-11
565	0.0	0.0	0.00872673676553	0.755921708718	0.0545050310081
566	0.0	0.0	0.626437023239	0.960753757604	0.0963882895743
567	0.0	0.0	7.16053396971e-08	0.0297158042238	2.12149992703e-05
568	0.0	0.0	5.05001849872e-11	0.0111153781149	2.52639446793e-05
569	0.0	0.0	2.27102606903e-07	0.104227561573	5.98252856522e-06
570	0.0	0.0	4.47807247474e-10	0.286133576546	5.80576970944e-09
571	0.0	0.0	1.45604229424e-09	0.006786856868	2.49498080919e-08
572	0.967741935484	0.95652173913	0.0	0.0	0.0
573	0.967741935484	0.95652173913	0.0	0.0	0.0
574	0.0	0.0	2.81866966341e-09	0.20109872417	2.53577439773e-09
575	0.0	0.0	6.26746319332e-14	0.208913638598	7.5229669777e-13
576	0.0	0.0	1.52028944031e-06	0.369688197148	1.9060201965e-08
577	0.322580645161	0.130434782609	0.0	0.0	0.0
578	0.0	0.0	1.71858369365e-13	3.92289356001e-05	0.000119270172944
579	0.0	0.0	4.54834491675e-19	0.335052225659	3.54354818838e-18
580	0.0	0.0	1.76794708751e-14	0.00508278364512	1.51541305144e-07
581	0.0	0.0	7.90116573001e-06	0.0118270085821	0.000892903012282
582	0.0	0.0	4.14231872441e-10	0.0131178410863	8.49648180985e-08
583	0.0	0.0	5.42251860559e-11	0.466030540349	8.74298616e-11
584	0.0	0.0	2.7369095929e-08	0.229885642213	1.93762380162e-06
585	0.0	0.0	6.9995112797e-12	0.000145057073952	0.000158325370078
586	0.0	0.0	3.54755188019e-08	0.169498395405	1.98749390784e-06
587	0.0	0.0	4.92722742331e-09	0.0125432164817	1.10432105541e-06
588	0.0	0.0	9.16492382925e-07	0.180654277739	3.68357330505e-07
589	0.0	0.0	0.000230284127948	0.836812763132	1.16218705676e-05
590	0.0	0.0	0.000956532597724	0.772566047475	0.000602891083054
591	0.0	0.0	1.24991540099e-14	0.00132232098744	2.59064737627e-06
592	0.0	0.0	1.18873886745e-14	0.0784400046789	1.11944716896e-13
593	0.0	0.0	1.46242366146e-11	0.380889701615	1.37863777676e-10
594	0.0	0.0	9.69710280432e-10	0.404663738229	3.7241747813e-08
595	0.0	0.0	5.29485105365e-09	0.00249472992828	1.92633523429e-07
596	0.0	0.0	4.93919590521e-18	4.12344970247e-05	7.23046484104e-06
597	0.0	0.0	0.00160266021162	0.675322246591	0.00078677210201
598	0.0	0.0	6.9847264229e-08	0.115920314858	8.68360287504e-06
599	0.0	0.0	4.68945580377e-12	0.0194020292766	3.74225318045e-05
600	0.0	0.0	3.59813103817e-21	0.285103405762	1.61786716798e-20
601	0.0	0.0	0.00244251056642	0.00663723313639	0.123247008672
602	0.0	0.0	2.53711645293e-06	0.030827583177	0.00015116661637
603	0.0	0.0	1.04008918766e-07	0.290732385667	5.30146650327e-06
604	0.0	0.0	1.65380895284e-13	0.5469357347	4.61414733786e-13
605	0.951612903226	0.95652173913	0.0	0.0	0.0
606	0.951612903226	0.95652173913	0.0	0.0	0.0
607	0.0322580645161	0.0	2.02435333478e-12	0.0267752172619	4.77148248605e-09
608	0.0	0.0	2.85320776477e-12	7.7570566458e-05	2.64906793254e-06
609	0.0	0.0	6.00127648288e-11	0.520418534149	0.000210903278337
610	0.0	0.0	2.26998734686e-10	0.379642417156	7.81663616727e-09
611	0.0	0.0	8.05747888185e-14	0.49348561981	1.06771248165e-13
612	0.0	0.0	6.28852648766e-07	0.714377614759	8.22951528964e-07
613	0.0	0.0	1.58514574657e-09	0.709020878711	2.96197004319e-09
614	0.0	0.0	7.01520649158e-18	0.223928161252	1.21563422422e-16
615	0.951612903226	0.913043478261	0.0	0.0	0.0
616	0.91935483871	0.913043478261	0.0	0.0	0.0
617	0.806451612903	0.913043478261	0.0	0.0	0.0
618	0.0	0.0	4.18870613822e-09	0.0345544329709	1.00742496792e-06
619	0.0	0.0	4.19799097098e-13	0.296144788996	1.35649883682e-12
620	0.0	0.0	5.50376454375e-12	9.2197415189e-06	0.00493134482559
621	0.0	0.0	1.17104834098e-10	0.041963426867	8.55424822435e-07
622	0.0	0.0	7.0008634565e-16	0.367437169852	2.08923516213e-17
623	0.0	0.0	1.04825638409e-10	0.0308191749554	3.06771085007e-06
624	0.0	0.0	4.57386508378e-17	0.00629405257071	7.93297371126e-11
625	0.0	0.0	1.10551408667e-08	0.125755427966	2.31348237392e-07
626	0.0	0.0	2.21826311434e-08	0.07233725669	1.17083195999e-06
627	0.0	0.0	2.05242244943e-05	0.131471993027	1.96094053552e-05
628	0.0	0.0	2.19353714238e-16	2.57763466224e-06	0.00104697782562
629	0.0	0.0	5.56520439886e-15	0.00188319810729	7.94609532313e-08
630	0.983870967742	1.0	0.0	0.0	0.0
631	0.983870967742	1.0	0.0	0.0	0.0
632	0.983870967742	1.0	0.0	0.0	0.0
633	0.983870967742	1.0	0.0	0.0	0.0
634	0.983870967742	1.0	0.0	0.0	0.0
635	0.983870967742	1.0	0.0	0.0	0.0
636	0.983870967742	1.0	0.0	0.0	0.0
637	0.983870967742	1.0	0.0	0.0	0.0
638	0.983870967742	1.0	0.0	0.0	0.0
639	0.0	0.0	6.3615993573e-13	0.0018022947959	1.14852591352e-08
640	0.0	0.0	2.88310625077e-15	0.0190027273721	3.47125730609e-11
641	0.0	0.0	2.25841135317e-14	0.00182939267253	3.5179045748e-09
642	0.0	0.0	0.000155071738992	0.149312669557	0.00468575601687
643	0.0	0.0	4.21253283761e-18	0.117496983288	1.27744195305e-17
644	0.0	0.0	7.5740710065e-10	0.0595344077394	6.17661218272e-09
645	0.0	0.0	5.39199851515e-06	0.946560362973	1.95456260191e-08
646	0.0	0.0	4.72932383692e-05	0.0270102031455	0.00219979340891
647	0.0	0.0	3.20066661911e-07	0.253876965939	7.22401976618e-08
648	0.0	0.0	0.00130285700956	0.396909386123	0.00186039813148
649	0.0	0.0	1.84473513436e-06	0.912328634747	3.26776844803e-05
650	0.0	0.0	1.4973521525e-07	0.631231005375	7.1018634385e-05
651	0.0	0.0	6.60708396403e-12	0.000112573667372	8.82246875701e-06
652	0.903225806452	0.95652173913	0.0	0.0	0.0
653	0.935483870968	0.95652173913	0.0	0.0	0.0
654	0.0	0.0	8.8753739427e-05	0.00286776104592	0.679832016816
655	0.0	0.0	2.32635542615e-12	0.00221743906072	1.14554015639e-08
656	0.0	0.0	4.03640683243e-12	0.000233773707661	5.66535076023e-05
657	0.0	0.0	1.07914748354e-10	0.736963908909	3.45913806042e-12
658	0.0	0.0	1.74792746176e-10	0.536435137531	1.23996862594e-10
659	0.983870967742	1.0	0.0	0.0	0.0
660	0.983870967742	1.0	0.0	0.0	0.0
661	0.983870967742	1.0	0.0	0.0	0.0
662	0.983870967742	1.0	0.0	0.0	0.0
663	0.983870967742	1.0	0.0	0.0	0.0
664	0.983870967742	1.0	0.0	0.0	0.0
665	0.983870967742	1.0	0.0	0.0	0.0
666	0.983870967742	1.0	0.0	0.0	0.0
667	0.0	0.0	4.57874391021e-06	0.0907437883155	7.77469527521e-05
668	0.0	0.0	1.28707814921e-14	0.259654890793	4.00160941776e-10
669	0.0	0.0	8.02207295666e-05	0.279330728379	0.000527757507509
670	0.0	0.0	6.79605845511e-12	0.00899160189775	7.72660232638e-10
671	0.0	0.0	1.88615549472e-06	0.112708568422	0.00183657394065
672	0.0	0.0	2.80257592343e-11	0.391683840736	1.48469912985e-09
673	0.0	0.0	2.85843198576e-07	0.204586386506	2.46198178843e-06
674	0.0	0.0	6.42595220342e-14	0.0844506967717	1.29943428827e-11
675	0.0161290322581	0.0	2.88311881031e-07	0.0185995932253	3.61422669581e-05
676	0.0	0.0	2.23189583703e-14	0.00121690715665	2.78931311662e-07
677	0.0	0.0	6.27342913053e-17	0.000257246760813	3.46428787897e-06
678	0.0	0.0	3.0783824618e-19	0.442740580729	5.55891606163e-19
679	0.0	0.0	2.36456449958e-06	0.950472590758	2.17164089125e-08
680	0.0	0.0	5.88957428968e-13	7.33247075003e-05	0.00012757226362
681	0.0	0.0	8.13921560921e-14	0.240814458603	1.3799877738e-12
682	0.0	0.0	8.262566966e-18	0.606115480726	5.97378844855e-19
683	0.0	0.0	1.84205610327e-11	0.00835797313298	3.14871314562e-05
684	0.0	0.0	3.36605643123e-13	0.201970504174	1.81083374076e-09
685	0.0	0.0	5.27269682852e-15	0.019513119964	7.52764819465e-12
686	0.0	0.0	7.78265500989e-11	0.106083208628	1.67784926972e-07
687	0.0	0.0	7.60197376491e-12	0.00105885312795	7.70365396698e-07
688	0.0	0.0	9.41689585222e-10	0.0479871412492	2.64113745963e-08
689	0.0	0.0	1.48811182329e-10	0.00110430143385	0.00012339457546
690	0.870967741935	0.95652173913	0.0	0.0	0.0
691	0.0	0.0	8.06325160643e-08	0.514515806555	3.73058689434e-08
692	0.0	0.0	5.35816791738e-15	0.253018676344	7.07326047532e-16
693	0.0	0.0	9.65593450681e-10	0.011401729369	9.13531067764e-07
694	0.0	0.0	5.14147863728e-17	0.633040722099	8.03766873974e-17
695	0.0	0.0	2.38660098977e-15	0.000972935594771	1.05418267689e-09
696	0.0	0.0	9.6592807119e-07	0.856442374046	6.44534932118e-09
697	0.983870967742	1.0	0.0	0.0	0.0
698	0.0	0.0	6.19156878739e-14	0.0226284341038	2.58006818769e-10
699	0.0	0.0	2.60388395035e-12	0.38267854813	2.11531952173e-11
700	0.0	0.0	2.72203848673e-08	0.00188590053647	0.000125517058409
701	0.0	0.0	8.93618888744e-10	0.179622689188	8.78642921287e-09
702	0.0	0.0	6.78510928051e-09	0.309663271316	6.76603706153e-09
703	0.693548387097	0.869565217391	0.0	0.0	0.0
704	0.838709677419	0.913043478261	0.0	0.0	0.0
705	0.0	0.0	7.52640146571e-05	0.798530816873	0.000150468425383
706	0.0	0.0	8.98893503925e-09	0.0088139833812	6.43786858146e-06
707	0.0	0.0	1.35437006574e-13	0.00546195413332	7.94110008802e-09
708	0.0	0.0	7.14886511911e-10	0.172262344904	6.06467994016e-09
709	0.0	0.0	5.62985782433e-11	0.00213971000237	0.000325767760653
710	0.0	0.0	3.53036405425e-05	0.435393966655	9.13001287157e-05
711	0.0	0.0	1.34302514936e-15	0.218713877302	8.8261105704e-15
712	0.0	0.0	4.85941658343e-08	0.902650765697	1.56474269438e-08
713	0.0	0.0	0.00159817055921	0.991641758736	2.71017415798e-07
714	0.0	0.0	7.58723175563e-06	0.991767593521	1.98564600253e-06
715	0.0	0.0	3.90685757679e-11	0.783438293207	1.77099227459e-13
716	0.0	0.0	2.51959736572e-09	0.963549814722	8.10252912336e-11
717	0.0	0.0	3.48741157879e-08	0.868995528749	2.56731844189e-12
718	0.983870967742	1.0	0.0	0.0	0.0
719	0.0	0.0	4.84746494174e-12	0.0341355555552	3.67810075495e-10
720	0.0	0.0	1.65889438396e-10	0.210859110693	1.31417565149e-05
721	0.0	0.0	2.66097662428e-06	0.335460625346	5.57563315084e-07
722	0.0	0.0	8.25279147821e-13	0.000945916293496	3.99520539851e-07
723	0.0	0.0	7.07980514852e-16	0.00534831563333	1.67120883638e-12
724	0.0	0.0	3.43786054145e-06	0.911346571672	9.3788930957e-06
725	0.0	0.0	1.91405714865e-14	0.00150235604791	1.47090916977e-08
726	0.0	0.0	2.00507190095e-09	0.0014917706443	2.06932412276e-07
727	0.967741935484	1.0	0.0	0.0	0.0
728	0.935483870968	1.0	0.0	0.0	0.0
729	0.0	0.0	1.68211848826e-08	0.140239744131	5.73218164293e-09
730	0.0	0.0	4.70178065658e-19	0.0350171751836	1.03356060964e-14
731	0.0	0.0	1.14559680594e-09	0.353878744932	2.53821982722e-09
732	0.0	0.0	6.03614531881e-06	0.99458702523	8.30421044661e-08
733	0.0	0.0	1.18454695881e-09	0.0376195593664	1.28198392855e-06
734	0.0	0.0	4.03331958932e-15	0.00186329038973	1.01599232678e-09
735	0.0	0.0	2.75592627699e-07	0.00316707609753	0.00166211633919
736	0.0	0.0	4.95276595745e-10	0.172629252493	7.66156459443e-08
737	0.0	0.0	1.45476079896e-11	0.000205725016456	1.23863880843e-05
738	0.790322580645	0.869565217391	0.0	0.0	0.0
739	0.790322580645	0.869565217391	0.0	0.0	0.0
740	0.91935483871	1.0	0.0	0.0	0.0
741	0.0	0.0	2.89643789117e-08	0.0152246698454	1.1669762655e-05
742	0.0	0.0	9.17092151387e-08	0.0621534301704	3.21445442945e-05
743	0.0	0.0	3.51160437141e-08	0.0309662870321	9.89947628071e-06
744	0.0	0.0	0.000656094277565	0.468895196576	0.00114664647574
745	0.709677419355	0.521739130435	0.0	0.0	0.0
746	0.951612903226	0.869565217391	0.0	0.0	0.0
747	0.951612903226	0.869565217391	0.0	0.0	0.0
748	0.0	0.0	3.41232511558e-06	0.129670016255	3.12944846456e-06
749	0.0	0.0	0.00184108526436	0.75985848405	0.00128975051667
750	0.0	0.0	4.58703093938e-05	0.136604304279	0.000428693943874
751	0.0	0.0	1.21330907419e-20	0.354339674407	1.42683135106e-19
752	0.854838709677	1.0	0.0	0.0	0.0
753	0.870967741935	1.0	0.0	0.0	0.0
754	0.870967741935	1.0	0.0	0.0	0.0
755	0.870967741935	1.0	0.0	0.0	0.0
756	0.903225806452	1.0	0.0	0.0	0.0
757	0.0	0.0	1.54636815842e-05	0.189466611988	5.24625119813e-07
758	0.0	0.0	1.53212758975e-09	0.945614334984	3.49319605427e-11
759	0.0	0.0	2.93211413627e-18	0.000493277709827	3.00152240106e-12
760	0.0	0.0	5.54602515323e-12	3.5017642815e-05	0.00666829795656
761	0.0	0.0	3.37299475025e-06	0.0131000497919	0.00145369007368
762	0.0	0.0	3.18313481049e-08	0.903441126192	6.38586860087e-11
763	0.0	0.0	1.10637857375e-13	0.0349369100732	5.4837668043e-10
764	0.0161290322581	0.0	1.20039650188e-11	0.0764981640089	1.57316984423e-07
765	0.0161290322581	0.0	0.000355089034463	0.545465367645	0.000111619650075
766	0.0161290322581	0.0	5.01855894744e-08	0.171993831283	1.70544797209e-06
767	0.0161290322581	0.0	3.67099579224e-12	0.0246642289613	8.9421568913e-10
768	0.0161290322581	0.0	0.000301546008538	0.811849812751	9.90913058525e-05
769	0.112903225806	0.173913043478	0.0	0.0	0.0
770	0.112903225806	0.173913043478	0.0	0.0	0.0
771	0.145161290323	0.173913043478	0.0	0.0	0.0
772	0.951612903226	1.0	0.0	0.0	0.0
773	0.758064516129	0.869565217391	0.0	0.0	0.0
774	0.0322580645161	0.0	0.00325062002645	0.114414462491	0.0511197434926
775	0.0322580645161	0.0	6.51474644908e-06	0.0251464222494	0.000313652888028
776	0.0322580645161	0.0	1.34185434973e-12	0.12126132857	1.28284923366e-11
777	0.0483870967742	0.0	3.13889972351e-08	0.916004525467	2.28626925122e-05
778	0.0483870967742	0.0	7.80020462114e-05	0.843376930358	4.54248946533e-05
779	0.951612903226	0.95652173913	0.0	0.0	0.0
780	0.0483870967742	0.0	5.95949920031e-09	0.0439912409079	2.67857249114e-06
781	0.0483870967742	0.0	1.97212419469e-06	0.0458570299577	3.43202163891e-07
782	0.0483870967742	0.0	1.05297580184e-09	0.430504049519	1.53038620522e-09
783	0.0483870967742	0.0	0.363076648334	0.232791820189	0.845872785694
784	0.0645161290323	0.0	0.0	0.0	0.0
785	0.0806451612903	0.0	0.0	0.0	0.0
786	0.129032258065	0.0434782608696	0.0	0.0	0.0
787	0.145161290323	0.0434782608696	0.0	0.0	0.0
788	0.161290322581	0.0434782608696	0.0	0.0	0.0
789	0.177419354839	0.0869565217391	0.0	0.0	0.0
790	0.177419354839	0.0869565217391	0.0	0.0	0.0
791	0.274193548387	0.130434782609	0.0	0.0	0.0
792	0.935483870968	0.95652173913	0.0	0.0	0.0
793	0.951612903226	0.95652173913	0.0	0.0	0.0
794	0.951612903226	0.95652173913	0.0	0.0	0.0
795	0.951612903226	0.95652173913	0.0	0.0	0.0
796	0.951612903226	0.95652173913	0.0	0.0	0.0
797	0.387096774194	0.391304347826	0.0	0.0	0.0
798	0.322580645161	0.217391304348	0.0	0.0	0.0
799	0.5	0.260869565217	0.0	0.0	0.0
800	0.596774193548	0.434782608696	0.0	0.0	0.0
801	0.741935483871	0.565217391304	0.0	0.0	0.0
802	0.758064516129	0.521739130435	0.0	0.0	0.0
803	0.790322580645	0.565217391304	0.0	0.0	0.0
804	0.854838709677	0.695652173913	0.0	0.0	0.0
805	0.903225806452	0.782608695652	0.0	0.0	0.0
806	0.951612903226	0.913043478261	0.0	0.0	0.0
807	0.983870967742	0.95652173913	0.0	0.0	0.0
808	0.983870967742	0.95652173913	0.0	0.0	0.0
809	0.983870967742	0.95652173913	0.0	0.0	0.0
810	0.983870967742	0.95652173913	0.0	0.0	0.0
811	0.983870967742	0.95652173913	0.0	0.0	0.0
812	0.983870967742	0.95652173913	0.0	0.0	0.0
813	0.983870967742	0.95652173913	0.0	0.0	0.0
814	0.983870967742	0.95652173913	0.0	0.0	0.0
815	0.967741935484	0.913043478261	0.0	0.0	0.0
816	0.967741935484	0.913043478261	0.0	0.0	0.0
817	0.967741935484	0.913043478261	0.0	0.0	0.0
818	0.967741935484	0.913043478261	0.0	0.0	0.0
819	0.967741935484	0.913043478261	0.0	0.0	0.0
820	0.967741935484	0.913043478261	0.0	0.0	0.0
821	0.967741935484	0.913043478261	0.0	0.0	0.0
822	0.967741935484	0.913043478261	0.0	0.0	0.0
823	0.967741935484	0.913043478261	0.0	0.0	0.0
824	0.967741935484	0.913043478261	0.0	0.0	0.0
825	0.951612903226	0.913043478261	0.0	0.0	0.0
826	0.951612903226	0.913043478261	0.0	0.0	0.0
827	0.951612903226	0.913043478261	0.0	0.0	0.0
828	0.967741935484	0.913043478261	0.0	0.0	0.0
829	0.951612903226	0.913043478261	0.0	0.0	0.0
830	0.983870967742	0.95652173913	0.0	0.0	0.0
831	0.983870967742	0.95652173913	0.0	0.0	0.0
832	0.983870967742	0.95652173913	0.0	0.0	0.0
833	0.983870967742	0.95652173913	0.0	0.0	0.0
834	0.983870967742	0.95652173913	0.0	0.0	0.0
835	0.983870967742	0.95652173913	0.0	0.0	0.0
836	0.983870967742	0.95652173913	0.0	0.0	0.0
837	0.983870967742	0.95652173913	0.0	0.0	0.0
838	0.983870967742	0.95652173913	0.0	0.0	0.0
839	0.983870967742	0.95652173913	0.0	0.0	0.0
840	0.983870967742	0.95652173913	0.0	0.0	0.0
841	0.983870967742	0.95652173913	0.0	0.0	0.0
842	0.983870967742	0.95652173913	0.0	0.0	0.0
843	0.983870967742	0.95652173913	0.0	0.0	0.0
844	0.983870967742	0.95652173913	0.0	0.0	0.0
845	0.983870967742	0.95652173913	0.0	0.0	0.0
846	0.983870967742	0.95652173913	0.0	0.0	0.0
847	0.983870967742	0.95652173913	0.0	0.0	0.0
848	0.983870967742	0.95652173913	0.0	0.0	0.0
849	0.983870967742	0.95652173913	0.0	0.0	0.0
850	0.983870967742	0.95652173913	0.0	0.0	0.0
851	0.983870967742	0.95652173913	0.0	0.0	0.0
852	0.983870967742	0.95652173913	0.0	0.0	0.0
853	0.967741935484	0.913043478261	0.0	0.0	0.0
854	0.951612903226	0.913043478261	0.0	0.0	0.0
855	0.967741935484	0.913043478261	0.0	0.0	0.0
856	0.983870967742	0.95652173913	0.0	0.0	0.0
857	0.983870967742	0.95652173913	0.0	0.0	0.0
858	0.983870967742	0.95652173913	0.0	0.0	0.0
859	0.983870967742	0.95652173913	0.0	0.0	0.0
860	0.983870967742	0.95652173913	0.0	0.0	0.0
861	0.983870967742	0.95652173913	0.0	0.0	0.0
862	0.983870967742	0.95652173913	0.0	0.0	0.0
863	0.983870967742	0.95652173913	0.0	0.0	0.0
864	0.983870967742	0.95652173913	0.0	0.0	0.0
865	0.983870967742	0.95652173913	0.0	0.0	0.0
866	0.983870967742	0.95652173913	0.0	0.0	0.0
867	0.983870967742	0.95652173913	0.0	0.0	0.0
868	0.983870967742	0.95652173913	0.0	0.0	0.0
869	0.983870967742	0.95652173913	0.0	0.0	0.0
870	0.951612903226	0.913043478261	0.0	0.0	0.0
871	0.951612903226	0.913043478261	0.0	0.0	0.0
872	0.951612903226	0.913043478261	0.0	0.0	0.0
873	0.967741935484	0.95652173913	0.0	0.0	0.0
874	0.967741935484	0.913043478261	0.0	0.0	0.0
875	0.967741935484	0.913043478261	0.0	0.0	0.0
876	0.967741935484	0.913043478261	0.0	0.0	0.0
877	0.967741935484	0.913043478261	0.0	0.0	0.0
878	0.967741935484	0.913043478261	0.0	0.0	0.0
879	0.983870967742	0.95652173913	0.0	0.0	0.0
880	0.983870967742	0.95652173913	0.0	0.0	0.0
881	0.983870967742	0.95652173913	0.0	0.0	0.0
882	0.983870967742	0.95652173913	0.0	0.0	0.0
883	0.983870967742	0.95652173913	0.0	0.0	0.0
884	0.983870967742	0.95652173913	0.0	0.0	0.0
885	0.983870967742	0.95652173913	0.0	0.0	0.0
886	0.983870967742	0.95652173913	0.0	0.0	0.0
887	0.983870967742	0.95652173913	0.0	0.0	0.0
888	0.983870967742	0.95652173913	0.0	0.0	0.0
889	0.983870967742	0.95652173913	0.0	0.0	0.0
890	0.983870967742	0.95652173913	0.0	0.0	0.0
891	0.983870967742	0.95652173913	0.0	0.0	0.0
892	0.983870967742	0.95652173913	0.0	0.0	0.0
893	0.967741935484	0.95652173913	0.0	0.0	0.0
894	0.967741935484	0.95652173913	0.0	0.0	0.0
895	0.967741935484	0.95652173913	0.0	0.0	0.0
896	0.967741935484	0.95652173913	0.0	0.0	0.0
897	0.967741935484	0.95652173913	0.0	0.0	0.0
898	0.983870967742	0.95652173913	0.0	0.0	0.0
899	0.983870967742	0.95652173913	0.0	0.0	0.0
900	0.983870967742	0.95652173913	0.0	0.0	0.0
901	0.967741935484	0.913043478261	0.0	0.0	0.0
902	0.983870967742	0.95652173913	0.0	0.0	0.0
903	0.967741935484	0.913043478261	0.0	0.0	0.0
904	0.967741935484	0.913043478261	0.0	0.0	0.0
905	0.983870967742	0.95652173913	0.0	0.0	0.0
906	0.967741935484	0.913043478261	0.0	0.0	0.0
907	0.967741935484	0.913043478261	0.0	0.0	0.0
908	0.983870967742	0.95652173913	0.0	0.0	0.0
909	0.983870967742	0.95652173913	0.0	0.0	0.0
910	0.983870967742	0.95652173913	0.0	0.0	0.0
911	0.983870967742	0.95652173913	0.0	0.0	0.0
912	0.983870967742	0.95652173913	0.0	0.0	0.0
913	0.983870967742	0.95652173913	0.0	0.0	0.0
914	0.983870967742	0.95652173913	0.0	0.0	0.0
915	0.983870967742	0.95652173913	0.0	0.0	0.0
916	0.983870967742	0.95652173913	0.0	0.0	0.0
917	0.983870967742	0.95652173913	0.0	0.0	0.0
918	0.983870967742	0.95652173913	0.0	0.0	0.0
919	0.983870967742	0.95652173913	0.0	0.0	0.0
920	0.967741935484	0.913043478261	0.0	0.0	0.0
921	0.967741935484	0.913043478261	0.0	0.0	0.0
922	0.967741935484	0.913043478261	0.0	0.0	0.0
923	0.967741935484	0.913043478261	0.0	0.0	0.0
924	0.983870967742	0.95652173913	0.0	0.0	0.0
925	0.983870967742	0.95652173913	0.0	0.0	0.0
926	0.983870967742	0.95652173913	0.0	0.0	0.0
927	0.983870967742	0.95652173913	0.0	0.0	0.0
928	0.983870967742	0.95652173913	0.0	0.0	0.0
929	0.983870967742	0.95652173913	0.0	0.0	0.0
930	0.983870967742	0.95652173913	0.0	0.0	0.0
931	0.983870967742	0.95652173913	0.0	0.0	0.0
932	0.983870967742	0.95652173913	0.0	0.0	0.0
933	0.983870967742	0.95652173913	0.0	0.0	0.0
934	0.983870967742	0.95652173913	0.0	0.0	0.0
935	0.983870967742	0.95652173913	0.0	0.0	0.0
936	0.983870967742	0.95652173913	0.0	0.0	0.0
937	0.983870967742	0.95652173913	0.0	0.0	0.0
938	0.983870967742	0.95652173913	0.0	0.0	0.0
939	0.983870967742	0.95652173913	0.0	0.0	0.0
940	0.983870967742	0.95652173913	0.0	0.0	0.0
941	0.983870967742	0.95652173913	0.0	0.0	0.0
942	0.983870967742	0.95652173913	0.0	0.0	0.0
943	0.983870967742	0.95652173913	0.0	0.0	0.0
944	0.967741935484	0.913043478261	0.0	0.0	0.0
945	0.967741935484	0.913043478261	0.0	0.0	0.0
946	0.983870967742	0.95652173913	0.0	0.0	0.0
947	0.983870967742	0.95652173913	0.0	0.0	0.0
948	0.983870967742	0.95652173913	0.0	0.0	0.0
949	0.983870967742	0.95652173913	0.0	0.0	0.0
950	0.983870967742	0.95652173913	0.0	0.0	0.0
951	0.983870967742	0.95652173913	0.0	0.0	0.0
952	0.983870967742	0.95652173913	0.0	0.0	0.0
953	0.983870967742	0.95652173913	0.0	0.0	0.0
954	0.983870967742	0.95652173913	0.0	0.0	0.0
955	0.967741935484	0.913043478261	0.0	0.0	0.0
956	0.951612903226	0.913043478261	0.0	0.0	0.0
957	0.951612903226	0.913043478261	0.0	0.0	0.0
958	0.951612903226	0.913043478261	0.0	0.0	0.0
959	0.951612903226	0.913043478261	0.0	0.0	0.0
960	0.967741935484	0.913043478261	0.0	0.0	0.0
961	0.967741935484	0.913043478261	0.0	0.0	0.0
962	0.983870967742	0.95652173913	0.0	0.0	0.0
963	0.983870967742	0.95652173913	0.0	0.0	0.0
964	0.983870967742	0.95652173913	0.0	0.0	0.0
965	0.983870967742	0.95652173913	0.0	0.0	0.0
966	0.983870967742	0.95652173913	0.0	0.0	0.0
967	0.983870967742	0.95652173913	0.0	0.0	0.0
968	0.983870967742	0.95652173913	0.0	0.0	0.0
969	0.983870967742	0.95652173913	0.0	0.0	0.0
970	0.983870967742	0.95652173913	0.0	0.0	0.0
971	0.983870967742	0.95652173913	0.0	0.0	0.0
972	0.983870967742	0.95652173913	0.0	0.0	0.0
973	0.983870967742	0.95652173913	0.0	0.0	0.0
974	0.983870967742	0.95652173913	0.0	0.0	0.0
975	0.983870967742	0.95652173913	0.0	0.0	0.0
976	0.983870967742	0.95652173913	0.0	0.0	0.0
977	0.983870967742	0.95652173913	0.0	0.0	0.0
978	0.983870967742	0.95652173913	0.0	0.0	0.0
979	0.983870967742	0.95652173913	0.0	0.0	0.0
980	0.983870967742	0.95652173913	0.0	0.0	0.0
981	0.983870967742	0.95652173913	0.0	0.0	0.0
982	0.983870967742	0.95652173913	0.0	0.0	0.0
983	0.983870967742	0.95652173913	0.0	0.0	0.0
984	0.983870967742	0.95652173913	0.0	0.0	0.0
985	0.967741935484	0.95652173913	0.0	0.0	0.0
986	0.967741935484	0.95652173913	0.0	0.0	0.0
987	0.967741935484	0.95652173913	0.0	0.0	0.0
988	0.967741935484	0.95652173913	0.0	0.0	0.0
989	0.967741935484	0.95652173913	0.0	0.0	0.0
990	0.967741935484	0.95652173913	0.0	0.0	0.0
991	0.967741935484	0.95652173913	0.0	0.0	0.0
992	0.967741935484	0.95652173913	0.0	0.0	0.0
993	0.983870967742	0.95652173913	0.0	0.0	0.0
994	0.967741935484	0.95652173913	0.0	0.0	0.0
995	0.967741935484	0.95652173913	0.0	0.0	0.0
996	0.967741935484	0.95652173913	0.0	0.0	0.0
997	0.967741935484	0.95652173913	0.0	0.0	0.0
998	0.967741935484	0.95652173913	0.0	0.0	0.0
999	0.967741935484	0.95652173913	0.0	0.0	0.0
1000	0.983870967742	0.95652173913	0.0	0.0	0.0
1001	0.983870967742	0.95652173913	0.0	0.0	0.0
1002	0.983870967742	0.95652173913	0.0	0.0	0.0
1003	0.983870967742	0.95652173913	0.0	0.0	0.0
1004	0.983870967742	0.95652173913	0.0	0.0	0.0
1005	0.983870967742	0.95652173913	0.0	0.0	0.0
1006	0.983870967742	0.95652173913	0.0	0.0	0.0
1007	0.983870967742	0.95652173913	0.0	0.0	0.0
1008	0.983870967742	0.95652173913	0.0	0.0	0.0
1009	0.967741935484	0.95652173913	0.0	0.0	0.0
1010	0.967741935484	0.95652173913	0.0	0.0	0.0
1011	0.967741935484	0.95652173913	0.0	0.0	0.0
1012	0.967741935484	0.95652173913	0.0	0.0	0.0
1013	0.967741935484	0.95652173913	0.0	0.0	0.0
1014	0.967741935484	0.95652173913	0.0	0.0	0.0
1015	0.967741935484	0.95652173913	0.0	0.0	0.0
1016	0.967741935484	0.95652173913	0.0	0.0	0.0
1017	0.967741935484	0.95652173913	0.0	0.0	0.0
1018	0.983870967742	0.95652173913	0.0	0.0	0.0
1019	0.983870967742	0.95652173913	0.0	0.0	0.0
1020	0.983870967742	0.95652173913	0.0	0.0	0.0
1021	0.983870967742	0.95652173913	0.0	0.0	0.0
1022	0.967741935484	0.95652173913	0.0	0.0	0.0
1023	0.983870967742	0.95652173913	0.0	0.0	0.0
1024	0.983870967742	0.95652173913	0.0	0.0	0.0
1025	0.983870967742	1.0	0.0	0.0	0.0
1026	0.967741935484	0.95652173913	0.0	0.0	0.0
